Accelerated Harvesting,
Contabilidad,
Cuentas por Pagar,
Publicidad y Promociones,
Alimentos FBM-2817,
Alimentos FBSW-0511,
Ask Emilio,
Ask My Accountant,
Abogado,
Mantenimiento y Reparación,
Gastos de Automóvil,
Verificación de Antecedentes,
Cargos del Servicio Bancario,
Comida/Restaurante,
Planos,
Licencias y Permisos Empresariales,
Gastos de Camión,
Gastos de Céluar,
Certificaciones,
CGS-Dump Fees,
CGS-Equipment Rental for Jobs,
CGS-Other Construction Costs,
Child Support,
CMC-Appliances/Stoves/Micro/Dishwas,
CMC-Brick/Stone Material,
CMC-Caliche Dirt Fill,
CMC-Concrete Material,
CMC-Drywall Material,
CMC-Electrical Material,
CMC-Fireplace/Chimney Material,
CMC-Flooring/Tile/Carpet,
CMC-Framing/Lumber Material,
CMC-FRP Material ,
CMC-Hardware/Door Handles,
CMC-Heating & Air Material,
CMC-Interior Doors/Trim/Baseboard,
CMC-Job materials,
CMC-Landscaping/Irrigation Materia,
CMC-Light Fixures/Switches,
CMC-Metal Material,
CMC-Painting Material,
CMC-Plumbing Fixtures/Material,
CMC-Portable Toilet,
CMC-Rebar Material,
CMC-Roofing Materials,
CMC-Towel Bars/Bathroom Mirrors,
CMC-Trash Container,
CMC-Windows/Exterior Doors,
Comunicación,
Indumentaria,
Gastos de Computadora e Internet,
Consumibles,
Educación Continua,
Costo de Materia Prima,
Cargos de Tarjeta de Crédito,
Monitoreo de Crédito,
Cross FBM-2736,
Cross FBSW-0909,
Customer Sweep,
Daylight Donut Food,
Gastos de Dispatch,
Deshechos,
Prueba de Drogas,
Beneficios para Empleados,
Visas para Empleados,
Renta de Equipo,
Administración Ejecutiva,
Gasto Revertido,
Faria,
Feed,
Cutoas,
Fertilizante,
Cargo de Financia,
Multas,
Transporte y Cargas,
Combustible,
Gasolina,
Diesel,
GC Food,
Herramientas,
Salud Preventiva,
IMTS FBM-1241,
IMTS FBSW-9356,
Impuestos de Ingreso,
Gastos de Seguros,
Integrity FBSW-2301,
Intereses,
Aislamiento de Interiores,
Irrigación,
Análisis de Laboratorio,
LC Food,
LC Food:Advertising and Promotion,
LC Food:Cheese,
LC Food:Cleaning,
LC Food:Dough,
LC Food:Meat,
LC Food:Operational,
LC Food:Other Food,
LC Food:Paper,
LC Food:Toppings,
LC Food:Wings,
Rótulos,
Regulación y Licencias,
Farmacéuticos para Ganado,
Alojamiento,
Gastos de Material,
Entretenimiento y Comidas,
Tarifas de Cuenta de Mercanteo,
MI TAQUITO FBM-2567 ,
Pruebas de Leche,
Misceláneos,
Gastos Misceláneos,
Suministros de Oficina,
Pagos en Línea,
Outlier FBSW-9349,
Permisos,
Pilot DF-7008,
Gastos de Envío y Entrega,
Powder Milk Calf,
Servicios Profesionales,
Promised AAIM-8207,
Gastos de Renta,
Impuestos de Venta,
Gastos de Semilla y Plantas,
Equipo y Herramienta Pequeña,
Almacenamiento y Almacén,
Gastos de Subcontratista,
Suplementos,
Etiquetas y Registro,
Impuestos y Registro,
Gastos de Teléfono,
LLantas,
Remolque,
Gastos de Viaje,
Gastos de Viaje: Combustible,
Gastos no categorizados,
Uniformes,
Utilidades,
Mantenimiento y Reparación Vehicular,
Necesidades de Veterniaria